FolioSolicitud,Cliente_Name,Location_Name
8707,GrubHub,TPMXN Saguaro
8708,Western Union,TPMXN Sierra
8709,Comcast,TPMXN Alpha
8710,Alliance Data,TPMXN Nova
8711,GM Financial,TPMXN Universidad
8712,Western Union,TPMXN Talavera
8713,GrubHub,TPMXN Saguaro
8714,Western Union,TPMXN Sierra
8715,Comcast,TPMXN Alpha
8716,Alliance Data,TPMXN Nova
8717,Comcast,TPMXN Hacienda
8718,Western Union,TPMXN Talavera
8719,Chime Bank,TPMXN Cuauhtemoc
8720,GM Financial,TPMXN Universidad
8721,GrubHub,TPMXN Saguaro
8722,Alliance Data,TPMXN Nova
8723,Western Union,TPMXN Sierra
8724,Western Union,TPMXN Sierra
8725,GM Financial,TPMXN Universidad
8726,Western Union,TPMXN Talavera
8727,Comcast,TPMXN Alpha
8728,Western Union,TPMXN Talavera
8729,Alliance Data,TPMXN Nova
8730,GrubHub,TPMXN Saguaro
8731,GrubHub,TPMXN Saguaro
8732,Chime Bank,TPMXN Cuauhtemoc
8733,Western Union,TPMXN Sierra
8734,Western Union,TPMXN Sierra
8735,Comcast,TPMXN Hacienda
8736,Comcast,TPMXN Alpha
8737,Alliance Data,TPMXN Nova
8738,GrubHub,TPMXN Saguaro
8739,Western Union,TPMXN Talavera
8740,GM Financial,TPMXN Universidad
8741,Western Union,TPMXN Talavera
8742,Comcast,TPMXN Alpha
8743,GrubHub,TPMXN Saguaro
8744,Comcast,TPMXN Hacienda
8745,Alliance Data,TPMXN Nova
8746,GM Financial,TPMXN Universidad
8747,Chime Bank,TPMXN Cuauhtemoc
8748,Western Union,TPMXN Sierra
8749,Chime Bank,TPMXN Cuauhtemoc
8750,GM Financial,TPMXN Universidad
8751,Western Union,TPMXN Sierra
8752,Western Union,TPMXN Talavera
8753,Comcast,TPMXN Alpha
8754,GrubHub,TPMXN Saguaro
8755,GrubHub,TPMXN Saguaro
8756,Alliance Data,TPMXN Nova
8757,Western Union,TPMXN Talavera
8758,GrubHub,TPMXN Saguaro
8759,Comcast,TPMXN Hacienda
8760,Comcast,TPMXN Alpha
8761,Western Union,TPMXN Talavera
8762,Comcast,TPMXN Alpha
8763,Alliance Data,TPMXN Nova
8764,Western Union,TPMXN Sierra
8765,Western Union,TPMXN Sierra
8766,Chime Bank,TPMXN Cuauhtemoc
8767,Comcast,TPMXN Hacienda
8768,Chime Bank,TPMXN Cuauhtemoc
8769,Western Union,TPMXN Talavera
8770,Western Union,TPMXN Sierra
8771,Chime Bank,TPMXN Cuauhtemoc
8772,GrubHub,TPMXN Saguaro
8773,Alliance Data,TPMXN Nova
8774,GM Financial,TPMXN Universidad
8775,Western Union,TPMXN Talavera
8776,GM Financial,TPMXN Universidad
8777,Comcast,TPMXN Hacienda
8778,GrubHub,TPMXN Saguaro
8779,GrubHub,TPMXN Saguaro
8780,Comcast,TPMXN Alpha
8781,Western Union,TPMXN Talavera
8782,GM Financial,TPMXN Universidad
8783,GrubHub,TPMXN Saguaro
8784,Western Union,TPMXN Talavera
8785,Alliance Data,TPMXN Nova
8786,Comcast,TPMXN Alpha
8787,Comcast,TPMXN Alpha
8788,Comcast,TPMXN Alpha
8789,Alliance Data,TPMXN Nova
8790,Western Union,TPMXN Sierra
8791,Comcast,TPMXN Hacienda
8792,Alliance Data,TPMXN Nova
8793,Chime Bank,TPMXN Cuauhtemoc
8793,Chime Bank,TPMXN Cuauhtemoc
8794,Western Union,TPMXN Sierra
8795,GM Financial,TPMXN Universidad
8796,Western Union,TPMXN Talavera
8797,Western Union,TPMXN Sierra
8798,Comcast,TPMXN Hacienda
8799,GrubHub,TPMXN Saguaro
8800,Chime Bank,TPMXN Cuauhtemoc
8801,GrubHub,TPMXN Saguaro
8802,Western Union,TPMXN Sierra
8803,GrubHub,TPMXN Saguaro
8804,Western Union,TPMXN Talavera
8805,Alliance Data,TPMXN Nova
8806,Chime Bank,TPMXN Cuauhtemoc
8807,GM Financial,TPMXN Universidad
8808,Western Union,TPMXN Talavera
8809,Chime Bank,TPMXN Cuauhtemoc
8810,GM Financial,TPMXN Universidad
8811,Western Union,TPMXN Talavera
8812,Comcast,TPMXN Hacienda
8813,Comcast,TPMXN Alpha
8814,Comcast,TPMXN Hacienda
8815,GrubHub,TPMXN Saguaro
8816,Alliance Data,TPMXN Nova
8817,Alliance Data,TPMXN Nova
8818,Comcast,TPMXN Alpha
8819,Western Union,TPMXN Sierra
8820,Western Union,TPMXN Sierra
8821,Comcast,TPMXN Alpha
8822,Alliance Data,TPMXN Nova
8823,Comcast,TPMXN Alpha
8824,Western Union,TPMXN Sierra
8825,GrubHub,TPMXN Saguaro
8826,GM Financial,TPMXN Universidad
8827,Western Union,TPMXN Talavera
8828,Alliance Data,TPMXN Nova
8829,Comcast,TPMXN Hacienda
8830,Western Union,TPMXN Talavera
8831,GrubHub,TPMXN Saguaro
8832,GrubHub,TPMXN Saguaro
8833,Chime Bank,TPMXN Cuauhtemoc
8834,GM Financial,TPMXN Universidad
8835,GM Financial,TPMXN Universidad
8836,Western Union,TPMXN Talavera
8837,Chime Bank,TPMXN Cuauhtemoc
8838,Comcast,TPMXN Alpha
8839,Western Union,TPMXN Talavera
8840,Western Union,TPMXN Sierra
8841,Comcast,TPMXN Hacienda
8842,Comcast,TPMXN Hacienda
8843,GM Financial,TPMXN Universidad
8844,Western Union,TPMXN Talavera
8845,Chime Bank,TPMXN Cuauhtemoc
8846,Western Union,TPMXN Sierra
8847,Alliance Data,TPMXN Nova
8848,GM Financial,TPMXN Universidad
8849,GrubHub,TPMXN Saguaro
8850,Comcast,TPMXN Alpha
8851,Chime Bank,TPMXN Cuauhtemoc
8852,Chime Bank,TPMXN Cuauhtemoc
8853,Alliance Data,TPMXN Nova
8854,Comcast,TPMXN Hacienda
8855,Comcast,TPMXN Hacienda
8856,Comcast,TPMXN Alpha
8857,Comcast,TPMXN Alpha
8858,Western Union,TPMXN Sierra
8859,GrubHub,TPMXN Saguaro
8860,GrubHub,TPMXN Saguaro
8861,Alliance Data,TPMXN Nova
8862,Alliance Data,TPMXN Nova
8863,Western Union,TPMXN Talavera
8864,Comcast,TPMXN Alpha
8865,Western Union,TPMXN Sierra
8866,GrubHub,TPMXN Saguaro
8867,Western Union,TPMXN Talavera
8868,GM Financial,TPMXN Universidad
8869,Chime Bank,TPMXN Cuauhtemoc
8870,Western Union,TPMXN Sierra
8871,GrubHub,TPMXN Saguaro
8872,Alliance Data,TPMXN Nova
8873,GM Financial,TPMXN Universidad
8874,Comcast,TPMXN Hacienda
8875,Western Union,TPMXN Sierra
8876,Comcast,TPMXN Alpha
8877,Western Union,TPMXN Talavera
8878,Western Union,TPMXN Talavera
8879,Chime Bank,TPMXN Cuauhtemoc
8879,Chime Bank,TPMXN Cuauhtemoc
8880,Comcast,TPMXN Hacienda
8881,Western Union,TPMXN Talavera
8882,Alliance Data,TPMXN Nova
8883,Western Union,TPMXN Sierra
8884,Chime Bank,TPMXN Cuauhtemoc
8885,Chime Bank,TPMXN Cuauhtemoc
8886,Comcast,TPMXN Hacienda
8887,Chime Bank,TPMXN Cuauhtemoc
8888,GrubHub,TPMXN Saguaro
8889,GM Financial,TPMXN Universidad
8890,GrubHub,TPMXN Saguaro
8891,Western Union,TPMXN Talavera
8892,Western Union,TPMXN Sierra
8893,Western Union,TPMXN Talavera
8894,Alliance Data,TPMXN Nova
8895,GrubHub,TPMXN Saguaro
8896,Comcast,TPMXN Alpha
8897,Comcast,TPMXN Hacienda
8898,Comcast,TPMXN Alpha
8899,Comcast,TPMXN Alpha
8900,GrubHub,TPMXN Saguaro
8901,Alliance Data,TPMXN Nova
8902,Western Union,TPMXN Sierra
8903,GM Financial,TPMXN Universidad
8904,Alliance Data,TPMXN Nova
8905,Chime Bank,TPMXN Cuauhtemoc
8906,Comcast,TPMXN Hacienda
8907,Western Union,TPMXN Sierra
8908,GrubHub,TPMXN Saguaro
8909,Comcast,TPMXN Alpha
8910,Western Union,TPMXN Talavera
8911,GM Financial,TPMXN Universidad
8912,Western Union,TPMXN Talavera
8913,Western Union,TPMXN Sierra
8914,Comcast,TPMXN Alpha
8915,Chime Bank,TPMXN Cuauhtemoc
8916,Alliance Data,TPMXN Nova
8917,Western Union,TPMXN Talavera
8918,Comcast,TPMXN Hacienda
8919,Western Union,TPMXN Sierra
8920,Chime Bank,TPMXN Cuauhtemoc
8921,GrubHub,TPMXN Saguaro
8922,Chime Bank,TPMXN Cuauhtemoc
8922,Chime Bank,TPMXN Cuauhtemoc
8923,GM Financial,TPMXN Universidad
8924,Western Union,TPMXN Talavera
8925,Comcast,TPMXN Hacienda
8926,GrubHub,TPMXN Saguaro
8927,Chime Bank,TPMXN Cuauhtemoc
8928,GrubHub,TPMXN Saguaro
8929,Alliance Data,TPMXN Nova
8930,GM Financial,TPMXN Universidad
8931,Western Union,TPMXN Sierra
8932,Chime Bank,TPMXN Cuauhtemoc
8933,Comcast,TPMXN Hacienda
8934,Comcast,TPMXN Alpha
8935,Comcast,TPMXN Alpha
8936,GM Financial,TPMXN Universidad
8937,GrubHub,TPMXN Saguaro
8938,Alliance Data,TPMXN Nova
8939,Western Union,TPMXN Talavera
8940,Western Union,TPMXN Talavera
8941,Western Union,TPMXN Sierra
8942,Western Union,TPMXN Sierra
8943,Alliance Data,TPMXN Nova
8944,Comcast,TPMXN Alpha
8945,Comcast,TPMXN Hacienda
8946,Comcast,TPMXN Hacienda
8947,GM Financial,TPMXN Universidad
8948,Western Union,TPMXN Talavera
8949,Comcast,TPMXN Alpha
8950,Alliance Data,TPMXN Nova
8951,Western Union,TPMXN Talavera
8952,Comcast,TPMXN Alpha
8953,GrubHub,TPMXN Saguaro
8954,GrubHub,TPMXN Saguaro
8955,Western Union,TPMXN Sierra
8956,Comcast,TPMXN Hacienda
8957,Western Union,TPMXN Talavera
8958,GM Financial,TPMXN Universidad
8959,Western Union,TPMXN Sierra
8960,GrubHub,TPMXN Saguaro
8961,GrubHub,TPMXN Saguaro
8962,Alliance Data,TPMXN Nova
8963,Chime Bank,TPMXN Cuauhtemoc
8964,Chime Bank,TPMXN Cuauhtemoc
8965,GM Financial,TPMXN Universidad
8966,Comcast,TPMXN Hacienda
8967,GM Financial,TPMXN Universidad
8968,Alliance Data,TPMXN Nova
8969,Chime Bank,TPMXN Cuauhtemoc
8969,Chime Bank,TPMXN Cuauhtemoc
8970,GrubHub,TPMXN Saguaro
8971,Western Union,TPMXN Sierra
8972,Western Union,TPMXN Talavera
8973,GM Financial,TPMXN Universidad
8974,Western Union,TPMXN Talavera
8975,Comcast,TPMXN Alpha
8976,Western Union,TPMXN Sierra
8977,Western Union,TPMXN Sierra
8978,Chime Bank,TPMXN Cuauhtemoc
8978,Chime Bank,TPMXN Cuauhtemoc
8979,Alliance Data,TPMXN Nova
8980,Comcast,TPMXN Hacienda
8981,Comcast,TPMXN Alpha
8982,Western Union,TPMXN Talavera
8983,Alliance Data,TPMXN Nova
8984,Comcast,TPMXN Alpha
8985,GrubHub,TPMXN Saguaro
8986,GrubHub,TPMXN Saguaro
8987,Western Union,TPMXN Sierra
8988,Comcast,TPMXN Alpha
8989,Alliance Data,TPMXN Nova
8990,Comcast,TPMXN Hacienda
8991,Comcast,TPMXN Hacienda
8992,GrubHub,TPMXN Saguaro
8993,Western Union,TPMXN Talavera
8994,Western Union,TPMXN Talavera
8995,Comcast,TPMXN Alpha
8996,GrubHub,TPMXN Saguaro
8997,Western Union,TPMXN Sierra
8998,GM Financial,TPMXN Universidad
8999,Chime Bank,TPMXN Cuauhtemoc
8999,Chime Bank,TPMXN Cuauhtemoc
9000,Comcast,TPMXN Hacienda
9001,Western Union,TPMXN Talavera
9002,Alliance Data,TPMXN Nova
9003,GM Financial,TPMXN Universidad
9004,Chime Bank,TPMXN Cuauhtemoc
9005,Chime Bank,TPMXN Cuauhtemoc
9006,Western Union,TPMXN Talavera
9007,Chime Bank,TPMXN Cuauhtemoc
9008,GM Financial,TPMXN Universidad
9009,Western Union,TPMXN Sierra
9010,Alliance Data,TPMXN Nova
9011,Western Union,TPMXN Talavera
9012,Western Union,TPMXN Sierra
9013,Comcast,TPMXN Hacienda
9014,GM Financial,TPMXN Universidad
9015,Comcast,TPMXN Alpha
9016,Chime Bank,TPMXN Cuauhtemoc
9017,Western Union,TPMXN Sierra
9018,GrubHub,TPMXN Saguaro
9019,Comcast,TPMXN Hacienda
9020,Alliance Data,TPMXN Nova
9021,GrubHub,TPMXN Saguaro
9022,Comcast,TPMXN Alpha
9023,GM Financial,TPMXN Universidad
9024,Western Union,TPMXN Talavera
9025,Western Union,TPMXN Sierra
9026,Western Union,TPMXN Talavera
9027,Comcast,TPMXN Alpha
9028,GrubHub,TPMXN Saguaro
9029,GrubHub,TPMXN Saguaro
9030,GrubHub,TPMXN Saguaro
9031,Comcast,TPMXN Alpha
9032,Comcast,TPMXN Alpha
9033,Western Union,TPMXN Talavera
9034,Comcast,TPMXN Hacienda
9035,Alliance Data,TPMXN Nova
9036,GM Financial,TPMXN Universidad
9037,Alliance Data,TPMXN Nova
9038,Western Union,TPMXN Talavera
9039,Chime Bank,TPMXN Cuauhtemoc
9040,Comcast,TPMXN Hacienda
9041,Chime Bank,TPMXN Cuauhtemoc
9042,GM Financial,TPMXN Universidad
9043,Western Union,TPMXN Sierra
9044,Chime Bank,TPMXN Cuauhtemoc
9045,Alliance Data,TPMXN Nova
9046,Western Union,TPMXN Talavera
9047,Western Union,TPMXN Sierra
9048,Comcast,TPMXN Hacienda
9049,GM Financial,TPMXN Universidad
9050,Alliance Data,TPMXN Nova
9051,Chime Bank,TPMXN Cuauhtemoc
9052,Comcast,TPMXN Alpha
9053,Western Union,TPMXN Sierra
9054,Chime Bank,TPMXN Cuauhtemoc
9055,Comcast,TPMXN Hacienda
9056,GrubHub,TPMXN Saguaro
9057,Western Union,TPMXN Talavera
9058,GrubHub,TPMXN Saguaro
9059,Comcast,TPMXN Alpha
9060,Alliance Data,TPMXN Nova
9061,GM Financial,TPMXN Universidad
9062,Western Union,TPMXN Talavera
9063,Comcast,TPMXN Hacienda
9064,Comcast,TPMXN Alpha
9065,Western Union,TPMXN Sierra
9066,Western Union,TPMXN Sierra
9067,Western Union,TPMXN Talavera
9068,GrubHub,TPMXN Saguaro
9069,GrubHub,TPMXN Saguaro
9070,Comcast,TPMXN Alpha
9071,Comcast,TPMXN Alpha
9072,GrubHub,TPMXN Saguaro
9073,Western Union,TPMXN Talavera
9074,Chime Bank,TPMXN Cuauhtemoc
9075,Chime Bank,TPMXN Cuauhtemoc
9076,GM Financial,TPMXN Universidad
9077,Alliance Data,TPMXN Nova
9078,Western Union,TPMXN Talavera
9079,Comcast,TPMXN Hacienda
9080,Comcast,TPMXN Hacienda
9081,Western Union,TPMXN Sierra
9082,Alliance Data,TPMXN Nova
9083,Chime Bank,TPMXN Cuauhtemoc
9083,Chime Bank,TPMXN Cuauhtemoc
9084,GrubHub,TPMXN Saguaro
9085,Chime Bank,TPMXN Cuauhtemoc
9086,Western Union,TPMXN Sierra
9087,Western Union,TPMXN Sierra
9088,Comcast,TPMXN Alpha
9089,Alliance Data,TPMXN Nova
9090,Alliance Data,TPMXN Nova
9091,Chime Bank,TPMXN Cuauhtemoc
9092,GrubHub,TPMXN Saguaro
9093,Comcast,TPMXN Hacienda
9094,GM Financial,TPMXN Universidad
9095,GrubHub,TPMXN Saguaro
9096,Western Union,TPMXN Talavera
9097,Western Union,TPMXN Talavera
9098,Comcast,TPMXN Hacienda
9099,GrubHub,TPMXN Saguaro
9100,Alliance Data,TPMXN Nova
9101,Western Union,TPMXN Sierra
9102,Western Union,TPMXN Sierra
9103,Western Union,TPMXN Talavera
9104,Chime Bank,TPMXN Cuauhtemoc
9105,Comcast,TPMXN Alpha
9106,Chime Bank,TPMXN Cuauhtemoc
9107,Western Union,TPMXN Talavera
9108,Comcast,TPMXN Alpha
9109,Comcast,TPMXN Alpha
9110,GM Financial,TPMXN Universidad
9111,Comcast,TPMXN Hacienda
9112,Western Union,TPMXN Talavera
9113,Comcast,TPMXN Alpha
9114,GrubHub,TPMXN Saguaro
9115,GM Financial,TPMXN Universidad
9116,GM Financial,TPMXN Universidad
9117,Alliance Data,TPMXN Nova
9118,Western Union,TPMXN Sierra
9119,Western Union,TPMXN Sierra
9120,Western Union,TPMXN Sierra
9121,Chime Bank,TPMXN Cuauhtemoc
9122,GrubHub,TPMXN Saguaro
9123,Comcast,TPMXN Hacienda
9124,Comcast,TPMXN Hacienda
9125,Comcast,TPMXN Alpha
9126,Alliance Data,TPMXN Nova
9127,Chime Bank,TPMXN Cuauhtemoc
9128,Alliance Data,TPMXN Nova
9129,GrubHub,TPMXN Saguaro
9130,GrubHub,TPMXN Saguaro
9131,Western Union,TPMXN Talavera
9132,Chime Bank,TPMXN Cuauhtemoc
9132,Chime Bank,TPMXN Cuauhtemoc
9133,Alliance Data,TPMXN Nova
9134,Western Union,TPMXN Talavera
9135,Comcast,TPMXN Hacienda
9136,GM Financial,TPMXN Universidad
9137,GrubHub,TPMXN Saguaro
9138,Western Union,TPMXN Sierra
9139,Western Union,TPMXN Talavera
9140,Western Union,TPMXN Sierra
9141,Chime Bank,TPMXN Cuauhtemoc
9142,GM Financial,TPMXN Universidad
9143,Comcast,TPMXN Alpha
9144,Chime Bank,TPMXN Cuauhtemoc
9144,Chime Bank,TPMXN Cuauhtemoc
9145,GM Financial,TPMXN Universidad
9146,Western Union,TPMXN Talavera
9147,Comcast,TPMXN Alpha
9148,GM Financial,TPMXN Universidad
9149,GM Financial,TPMXN Universidad
9150,Comcast,TPMXN Hacienda
9151,Chime Bank,TPMXN Cuauhtemoc
9151,Chime Bank,TPMXN Cuauhtemoc
9152,Western Union,TPMXN Sierra
9153,Alliance Data,TPMXN Nova
9154,Western Union,TPMXN Sierra
9155,Western Union,TPMXN Sierra
9156,Western Union,TPMXN Talavera
9157,GrubHub,TPMXN Saguaro
9158,Alliance Data,TPMXN Nova
9159,Comcast,TPMXN Alpha
9160,GrubHub,TPMXN Saguaro
9161,Comcast,TPMXN Hacienda
9162,GrubHub,TPMXN Saguaro
9163,Chime Bank,TPMXN Cuauhtemoc
9164,Comcast,TPMXN Alpha
9165,Comcast,TPMXN Hacienda
9166,Comcast,TPMXN Alpha
9167,Western Union,TPMXN Talavera
9168,Western Union,TPMXN Talavera
9169,Alliance Data,TPMXN Nova
9170,Chime Bank,TPMXN Cuauhtemoc
9171,GrubHub,TPMXN Saguaro
9172,Alliance Data,TPMXN Nova
9173,Comcast,TPMXN Hacienda
9174,Alliance Data,TPMXN Nova
9175,Western Union,TPMXN Talavera
9176,GM Financial,TPMXN Universidad
9177,GrubHub,TPMXN Saguaro
9178,Western Union,TPMXN Sierra
9179,Western Union,TPMXN Sierra
9180,Chime Bank,TPMXN Cuauhtemoc
9181,Chime Bank,TPMXN Cuauhtemoc
9181,Chime Bank,TPMXN Cuauhtemoc
9182,Comcast,TPMXN Hacienda
9183,Western Union,TPMXN Talavera
9184,Western Union,TPMXN Talavera
9185,Comcast,TPMXN Alpha
9186,GM Financial,TPMXN Universidad
9187,GM Financial,TPMXN Universidad
9188,Western Union,TPMXN Sierra
9189,Western Union,TPMXN Sierra
9190,Chime Bank,TPMXN Cuauhtemoc
9191,Western Union,TPMXN Sierra
9192,GrubHub,TPMXN Saguaro
9193,GrubHub,TPMXN Saguaro
9194,Comcast,TPMXN Alpha
9195,GrubHub,TPMXN Saguaro
9196,Alliance Data,TPMXN Nova
9197,GM Financial,TPMXN Universidad
9198,Chime Bank,TPMXN Cuauhtemoc
9199,Comcast,TPMXN Hacienda
9200,Western Union,TPMXN Talavera
9201,Comcast,TPMXN Alpha
9202,Western Union,TPMXN Talavera
9203,Comcast,TPMXN Hacienda
9204,Comcast,TPMXN Alpha
9205,GrubHub,TPMXN Saguaro
9206,Alliance Data,TPMXN Nova
9207,Western Union,TPMXN Talavera
9208,Alliance Data,TPMXN Nova
9209,Comcast,TPMXN Alpha
9210,Western Union,TPMXN Sierra
9211,Comcast,TPMXN Hacienda
9212,Alliance Data,TPMXN Nova
9213,GM Financial,TPMXN Universidad
9214,Alliance Data,TPMXN Nova
9215,GrubHub,TPMXN Saguaro
9216,Western Union,TPMXN Talavera
9217,Western Union,TPMXN Sierra
9218,Chime Bank,TPMXN Cuauhtemoc
9219,Chime Bank,TPMXN Cuauhtemoc
9220,Western Union,TPMXN Sierra
9221,Chime Bank,TPMXN Cuauhtemoc
9222,Comcast,TPMXN Alpha
9223,GrubHub,TPMXN Saguaro
9224,Comcast,TPMXN Hacienda
9225,GrubHub,TPMXN Saguaro
9226,Western Union,TPMXN Sierra
9227,Chime Bank,TPMXN Cuauhtemoc
9228,Western Union,TPMXN Talavera
9229,GrubHub,TPMXN Saguaro
9230,Comcast,TPMXN Hacienda
9231,GM Financial,TPMXN Universidad
9232,GM Financial,TPMXN Universidad
9233,GM Financial,TPMXN Universidad
9234,Western Union,TPMXN Sierra
9235,Alliance Data,TPMXN Nova
9236,Chime Bank,TPMXN Cuauhtemoc
9237,GM Financial,TPMXN Universidad
9238,Western Union,TPMXN Talavera
9239,GrubHub,TPMXN Saguaro
9240,Western Union,TPMXN Talavera
9241,Comcast,TPMXN Alpha
9242,Comcast,TPMXN Alpha
9243,Alliance Data,TPMXN Nova
9244,Western Union,TPMXN Talavera
9245,Western Union,TPMXN Sierra
9246,Comcast,TPMXN Alpha
9247,GrubHub,TPMXN Saguaro
9248,Alliance Data,TPMXN Nova
9249,Comcast,TPMXN Hacienda
9250,Alliance Data,TPMXN Nova
9251,Comcast,TPMXN Alpha
9252,Chime Bank,TPMXN Cuauhtemoc
9253,Western Union,TPMXN Sierra
9254,Comcast,TPMXN Hacienda
9255,Comcast,TPMXN Hacienda
9256,Western Union,TPMXN Talavera
9257,Western Union,TPMXN Talavera
9258,Chime Bank,TPMXN Cuauhtemoc
9259,GrubHub,TPMXN Saguaro
9260,Western Union,TPMXN Sierra
9261,Comcast,TPMXN Alpha
9262,Western Union,TPMXN Sierra
9263,Chime Bank,TPMXN Cuauhtemoc
9264,Chime Bank,TPMXN Cuauhtemoc
9265,Alliance Data,TPMXN Nova
9266,GrubHub,TPMXN Saguaro
9267,Chime Bank,TPMXN Cuauhtemoc
9267,Chime Bank,TPMXN Cuauhtemoc
9268,Western Union,TPMXN Sierra
9269,GrubHub,TPMXN Saguaro
9270,Western Union,TPMXN Talavera
9271,Comcast,TPMXN Hacienda
9272,Alliance Data,TPMXN Nova
9273,Western Union,TPMXN Talavera
9274,Western Union,TPMXN Talavera
9275,GM Financial,TPMXN Universidad
9276,GrubHub,TPMXN Saguaro
9277,Western Union,TPMXN Sierra
9278,GM Financial,TPMXN Universidad
9279,GM Financial,TPMXN Universidad
9280,GrubHub,TPMXN Saguaro
9281,Comcast,TPMXN Alpha
9282,Western Union,TPMXN Talavera
9283,Chime Bank,TPMXN Cuauhtemoc
9284,Comcast,TPMXN Alpha
9285,Comcast,TPMXN Hacienda
9286,Western Union,TPMXN Talavera
9287,Comcast,TPMXN Alpha
9288,Alliance Data,TPMXN Nova
9289,Western Union,TPMXN Sierra
9290,Comcast,TPMXN Alpha
9291,Comcast,TPMXN Hacienda
9292,GM Financial,TPMXN Universidad
9293,Western Union,TPMXN Sierra
9294,GrubHub,TPMXN Saguaro
9295,Comcast,TPMXN Hacienda
9296,Chime Bank,TPMXN Cuauhtemoc
9297,Comcast,TPMXN Alpha
9298,Alliance Data,TPMXN Nova
9299,Western Union,TPMXN Sierra
9300,Alliance Data,TPMXN Nova
9301,Chime Bank,TPMXN Cuauhtemoc
9302,Comcast,TPMXN Hacienda
9303,GrubHub,TPMXN Saguaro
9304,Chime Bank,TPMXN Cuauhtemoc
9305,GM Financial,TPMXN Universidad
9306,Western Union,TPMXN Sierra
9307,Alliance Data,TPMXN Nova
9308,Western Union,TPMXN Talavera
9309,GrubHub,TPMXN Saguaro
9310,Western Union,TPMXN Talavera
9311,Western Union,TPMXN Talavera
9312,Alliance Data,TPMXN Nova
9313,Western Union,TPMXN Talavera
9314,Chime Bank,TPMXN Cuauhtemoc
9315,GM Financial,TPMXN Universidad
9316,Comcast,TPMXN Hacienda
9317,GrubHub,TPMXN Saguaro
9318,GM Financial,TPMXN Universidad
9319,Western Union,TPMXN Sierra
9320,Western Union,TPMXN Talavera
9321,Western Union,TPMXN Sierra
9322,GrubHub,TPMXN Saguaro
9323,Chime Bank,TPMXN Cuauhtemoc
9323,Chime Bank,TPMXN Cuauhtemoc
9324,Comcast,TPMXN Alpha
9325,GrubHub,TPMXN Saguaro
9326,Chime Bank,TPMXN Cuauhtemoc
9327,Alliance Data,TPMXN Nova
9328,Comcast,TPMXN Alpha
9329,Comcast,TPMXN Alpha
9330,Comcast,TPMXN Hacienda
9331,Comcast,TPMXN Hacienda
9332,Alliance Data,TPMXN Nova
9333,Comcast,TPMXN Alpha
9334,Comcast,TPMXN Alpha
9335,Alliance Data,TPMXN Nova
9336,Chime Bank,TPMXN Cuauhtemoc
9336,Chime Bank,TPMXN Cuauhtemoc
9337,GM Financial,TPMXN Universidad
9338,Western Union,TPMXN Sierra
9339,Western Union,TPMXN Sierra
9340,GrubHub,TPMXN Saguaro
9341,GM Financial,TPMXN Universidad
9342,Chime Bank,TPMXN Cuauhtemoc
9342,Chime Bank,TPMXN Cuauhtemoc
9343,Comcast,TPMXN Hacienda
9344,Comcast,TPMXN Hacienda
9345,Western Union,TPMXN Sierra
9346,Comcast,TPMXN Hacienda
9347,Western Union,TPMXN Talavera
9348,Western Union,TPMXN Talavera
9349,Chime Bank,TPMXN Cuauhtemoc
9350,GM Financial,TPMXN Universidad
9351,Alliance Data,TPMXN Nova
9352,Alliance Data,TPMXN Nova
9353,GM Financial,TPMXN Universidad
9354,GrubHub,TPMXN Saguaro
9355,GM Financial,TPMXN Universidad
9356,Western Union,TPMXN Talavera
9357,Western Union,TPMXN Talavera
9358,Western Union,TPMXN Talavera
9359,GrubHub,TPMXN Saguaro
9360,GrubHub,TPMXN Saguaro
9361,Western Union,TPMXN Sierra
9362,Western Union,TPMXN Sierra
9363,GrubHub,TPMXN Saguaro
9364,Comcast,TPMXN Alpha
9365,Chime Bank,TPMXN Cuauhtemoc
9366,Alliance Data,TPMXN Nova
9367,Western Union,TPMXN Sierra
9368,Chime Bank,TPMXN Cuauhtemoc
9368,Chime Bank,TPMXN Cuauhtemoc
9369,GM Financial,TPMXN Universidad
9370,Comcast,TPMXN Alpha
9371,Comcast,TPMXN Hacienda
9372,Chime Bank,TPMXN Cuauhtemoc
9373,Chime Bank,TPMXN Cuauhtemoc
9374,Comcast,TPMXN Hacienda
9375,GrubHub,TPMXN Saguaro
9376,Comcast,TPMXN Alpha
9377,Comcast,TPMXN Alpha
9378,Western Union,TPMXN Talavera
9379,Western Union,TPMXN Talavera
9380,Alliance Data,TPMXN Nova
9381,Alliance Data,TPMXN Nova
9382,Western Union,TPMXN Talavera
9383,GM Financial,TPMXN Universidad
9384,Western Union,TPMXN Talavera
9385,Chime Bank,TPMXN Cuauhtemoc
9386,Comcast,TPMXN Alpha
9387,Western Union,TPMXN Sierra
9388,Western Union,TPMXN Sierra
9389,Western Union,TPMXN Talavera
9390,GM Financial,TPMXN Universidad
9391,GrubHub,TPMXN Saguaro
9392,Alliance Data,TPMXN Nova
9393,Western Union,TPMXN Sierra
9394,Western Union,TPMXN Sierra
9395,GrubHub,TPMXN Saguaro
9396,Alliance Data,TPMXN Nova
9397,GrubHub,TPMXN Saguaro
9398,Comcast,TPMXN Hacienda
9399,GrubHub,TPMXN Saguaro
9400,Comcast,TPMXN Hacienda
9401,Comcast,TPMXN Hacienda
9402,GM Financial,TPMXN Universidad
9403,Chime Bank,TPMXN Cuauhtemoc
9404,Comcast,TPMXN Alpha
9405,GM Financial,TPMXN Universidad
9406,Western Union,TPMXN Sierra
9407,Chime Bank,TPMXN Cuauhtemoc
9408,Comcast,TPMXN Alpha
9409,Alliance Data,TPMXN Nova
9410,Western Union,TPMXN Talavera
9411,GrubHub,TPMXN Saguaro
9412,Chime Bank,TPMXN Cuauhtemoc
9413,Comcast,TPMXN Alpha
9414,Chime Bank,TPMXN Cuauhtemoc
9415,Western Union,TPMXN Talavera
9416,GM Financial,TPMXN Universidad
9417,Comcast,TPMXN Alpha
9418,Comcast,TPMXN Hacienda
9419,Western Union,TPMXN Talavera
9420,Alliance Data,TPMXN Nova
9421,Western Union,TPMXN Talavera
9422,Western Union,TPMXN Sierra
9423,GrubHub,TPMXN Saguaro
9424,GrubHub,TPMXN Saguaro
9425,Chime Bank,TPMXN Cuauhtemoc
9426,GM Financial,TPMXN Universidad
9427,Western Union,TPMXN Sierra
9428,Western Union,TPMXN Sierra
9429,GrubHub,TPMXN Saguaro
9430,Comcast,TPMXN Hacienda
9431,Alliance Data,TPMXN Nova
9432,Western Union,TPMXN Talavera
9433,Western Union,TPMXN Sierra
9434,Alliance Data,TPMXN Nova
9435,GrubHub,TPMXN Saguaro
9436,Chime Bank,TPMXN Cuauhtemoc
9437,Alliance Data,TPMXN Nova
9438,GM Financial,TPMXN Universidad
9439,Comcast,TPMXN Alpha
9440,Comcast,TPMXN Alpha
9441,Chime Bank,TPMXN Cuauhtemoc
9442,Western Union,TPMXN Sierra
9443,GrubHub,TPMXN Saguaro
9444,Western Union,TPMXN Talavera
9445,Comcast,TPMXN Hacienda
9446,Comcast,TPMXN Hacienda
9447,Comcast,TPMXN Hacienda
9448,Comcast,TPMXN Alpha
9449,Western Union,TPMXN Talavera
9450,Chime Bank,TPMXN Cuauhtemoc
9451,Comcast,TPMXN Alpha
9452,Alliance Data,TPMXN Nova
9453,Chime Bank,TPMXN Cuauhtemoc
9454,Comcast,TPMXN Alpha
9455,Western Union,TPMXN Talavera
9456,Alliance Data,TPMXN Nova
9457,Western Union,TPMXN Sierra
9458,Western Union,TPMXN Sierra
9459,Western Union,TPMXN Talavera
9460,Western Union,TPMXN Sierra
9461,Western Union,TPMXN Talavera
9462,Comcast,TPMXN Hacienda
9463,Western Union,TPMXN Sierra
9464,GrubHub,TPMXN Saguaro
9465,GrubHub,TPMXN Saguaro
9466,GrubHub,TPMXN Saguaro
9467,GrubHub,TPMXN Saguaro
9468,Chime Bank,TPMXN Cuauhtemoc
9468,Chime Bank,TPMXN Cuauhtemoc
9469,GM Financial,TPMXN Universidad
9470,GM Financial,TPMXN Universidad
9471,Chime Bank,TPMXN Cuauhtemoc
9472,GM Financial,TPMXN Universidad
9473,Alliance Data,TPMXN Nova
9474,Comcast,TPMXN Hacienda
9475,GrubHub,TPMXN Saguaro
9476,GM Financial,TPMXN Universidad
9477,Comcast,TPMXN Alpha
9478,Comcast,TPMXN Alpha
9479,Western Union,TPMXN Talavera
9480,Chime Bank,TPMXN Cuauhtemoc
9481,Alliance Data,TPMXN Nova
9482,Western Union,TPMXN Talavera
9483,Western Union,TPMXN Sierra
9484,Comcast,TPMXN Hacienda
9485,Comcast,TPMXN Alpha
9486,Comcast,TPMXN Hacienda
9487,GM Financial,TPMXN Universidad
9488,Comcast,TPMXN Alpha
9489,Comcast,TPMXN Hacienda
9490,Alliance Data,TPMXN Nova
9491,Alliance Data,TPMXN Nova
9492,Western Union,TPMXN Sierra
9493,Western Union,TPMXN Talavera
9494,Comcast,TPMXN Alpha
9495,Western Union,TPMXN Talavera
9496,Chime Bank,TPMXN Cuauhtemoc
9497,Western Union,TPMXN Talavera
9498,GrubHub,TPMXN Saguaro
9499,Western Union,TPMXN Sierra
9500,Chime Bank,TPMXN Cuauhtemoc
9501,Western Union,TPMXN Sierra
9502,Western Union,TPMXN Sierra
9503,Alliance Data,TPMXN Nova
9504,GrubHub,TPMXN Saguaro
9505,GrubHub,TPMXN Saguaro
9506,Chime Bank,TPMXN Cuauhtemoc
9507,Chime Bank,TPMXN Cuauhtemoc
9507,Chime Bank,TPMXN Cuauhtemoc
9508,Comcast,TPMXN Hacienda
9509,GrubHub,TPMXN Saguaro
9510,GM Financial,TPMXN Universidad
9511,Alliance Data,TPMXN Nova
9512,GrubHub,TPMXN Saguaro
9513,GM Financial,TPMXN Universidad
9514,GM Financial,TPMXN Universidad
9515,Chime Bank,TPMXN Cuauhtemoc
9515,Chime Bank,TPMXN Cuauhtemoc
9516,Comcast,TPMXN Alpha
9517,Comcast,TPMXN Hacienda
9518,Comcast,TPMXN Alpha
9519,Western Union,TPMXN Sierra
9520,Western Union,TPMXN Talavera
9521,Western Union,TPMXN Talavera
9522,Western Union,TPMXN Sierra
9523,Western Union,TPMXN Talavera
9524,Comcast,TPMXN Alpha
9525,Western Union,TPMXN Talavera
9526,Western Union,TPMXN Sierra
9527,Alliance Data,TPMXN Nova
9528,Western Union,TPMXN Sierra
9529,Comcast,TPMXN Alpha
9530,Western Union,TPMXN Sierra
9531,Comcast,TPMXN Alpha
9532,Alliance Data,TPMXN Nova
9533,GrubHub,TPMXN Saguaro
9534,Comcast,TPMXN Hacienda
9535,Western Union,TPMXN Talavera
9536,Chime Bank,TPMXN Cuauhtemoc
9536,Chime Bank,TPMXN Cuauhtemoc
9537,Comcast,TPMXN Hacienda
9538,GrubHub,TPMXN Saguaro
9539,GrubHub,TPMXN Saguaro
9540,Alliance Data,TPMXN Nova
9541,Chime Bank,TPMXN Cuauhtemoc
9542,GM Financial,TPMXN Universidad
9543,Comcast,TPMXN Hacienda
9544,GrubHub,TPMXN Saguaro
9545,Alliance Data,TPMXN Nova
9546,GrubHub,TPMXN Saguaro
9547,GM Financial,TPMXN Universidad
9548,GM Financial,TPMXN Universidad
9549,GM Financial,TPMXN Universidad
9550,Chime Bank,TPMXN Cuauhtemoc
9551,Chime Bank,TPMXN Cuauhtemoc
9552,Comcast,TPMXN Hacienda
9553,Alliance Data,TPMXN Nova
9554,Chime Bank,TPMXN Cuauhtemoc
9555,Comcast,TPMXN Alpha
9556,GM Financial,TPMXN Universidad
9557,Western Union,TPMXN Talavera
9558,Comcast,TPMXN Alpha
9559,Western Union,TPMXN Talavera
9560,Western Union,TPMXN Sierra
9561,Western Union,TPMXN Talavera
9562,Western Union,TPMXN Talavera
9563,Comcast,TPMXN Hacienda
9564,GrubHub,TPMXN Saguaro
9565,Western Union,TPMXN Sierra
9566,Western Union,TPMXN Sierra
9567,Western Union,TPMXN Sierra
9568,Western Union,TPMXN Talavera
9569,Comcast,TPMXN Alpha
9570,Comcast,TPMXN Alpha
9571,Chime Bank,TPMXN Cuauhtemoc
9572,GrubHub,TPMXN Saguaro
9573,GrubHub,TPMXN Saguaro
9574,Comcast,TPMXN Alpha
9575,Western Union,TPMXN Sierra
9576,GrubHub,TPMXN Saguaro
9577,Alliance Data,TPMXN Nova
9578,Alliance Data,TPMXN Nova
9579,Chime Bank,TPMXN Cuauhtemoc
9579,Chime Bank,TPMXN Cuauhtemoc
9580,GM Financial,TPMXN Universidad
9581,Comcast,TPMXN Hacienda
9582,GrubHub,TPMXN Saguaro
9583,Comcast,TPMXN Hacienda
9584,Alliance Data,TPMXN Nova
9585,Chime Bank,TPMXN Cuauhtemoc
9586,GM Financial,TPMXN Universidad
9587,Chime Bank,TPMXN Cuauhtemoc
9588,GM Financial,TPMXN Universidad
9589,Chime Bank,TPMXN Cuauhtemoc
9590,Comcast,TPMXN Hacienda
9591,Comcast,TPMXN Alpha
9592,Alliance Data,TPMXN Nova
9593,Alliance Data,TPMXN Nova
9594,GM Financial,TPMXN Universidad
9595,Western Union,TPMXN Talavera
9596,Comcast,TPMXN Hacienda
9597,Western Union,TPMXN Talavera
9598,Western Union,TPMXN Talavera
9599,Western Union,TPMXN Sierra
9600,Western Union,TPMXN Sierra
9601,Western Union,TPMXN Sierra
9602,Comcast,TPMXN Alpha
9603,Comcast,TPMXN Hacienda
9604,Western Union,TPMXN Talavera
9605,Western Union,TPMXN Sierra
9606,Chime Bank,TPMXN Cuauhtemoc
9607,GrubHub,TPMXN Saguaro
9608,Western Union,TPMXN Talavera
9609,GrubHub,TPMXN Saguaro
9610,Western Union,TPMXN Sierra
9611,GrubHub,TPMXN Saguaro
9612,Chime Bank,TPMXN Cuauhtemoc
9613,Comcast,TPMXN Alpha
9614,GrubHub,TPMXN Saguaro
9615,Alliance Data,TPMXN Nova
9616,Comcast,TPMXN Hacienda
9617,Chime Bank,TPMXN Cuauhtemoc
9618,Comcast,TPMXN Alpha
9619,Chime Bank,TPMXN Cuauhtemoc
9620,Comcast,TPMXN Hacienda
9621,GM Financial,TPMXN Universidad
9622,GM Financial,TPMXN Universidad
9623,Comcast,TPMXN Alpha
9624,GrubHub,TPMXN Saguaro
9625,Comcast,TPMXN Hacienda
9626,Alliance Data,TPMXN Nova
9627,Western Union,TPMXN Talavera
9628,Comcast,TPMXN Alpha
9629,Alliance Data,TPMXN Nova
9630,GM Financial,TPMXN Universidad
9631,Western Union,TPMXN Talavera
9632,Western Union,TPMXN Sierra
9633,Alliance Data,TPMXN Nova
9634,Alliance Data,TPMXN Nova
9635,Chime Bank,TPMXN Cuauhtemoc
9636,Western Union,TPMXN Talavera
9637,Western Union,TPMXN Talavera
9638,Western Union,TPMXN Talavera
9639,GrubHub,TPMXN Saguaro
9640,Western Union,TPMXN Sierra
9641,Western Union,TPMXN Sierra
9642,Western Union,TPMXN Sierra
9643,Comcast,TPMXN Hacienda
9644,GrubHub,TPMXN Saguaro
9645,Chime Bank,TPMXN Cuauhtemoc
9646,Western Union,TPMXN Sierra
9647,GrubHub,TPMXN Saguaro
9648,Chime Bank,TPMXN Cuauhtemoc
9649,GrubHub,TPMXN Saguaro
9650,Comcast,TPMXN Alpha
9651,Comcast,TPMXN Hacienda
9652,Chime Bank,TPMXN Cuauhtemoc
9653,Comcast,TPMXN Alpha
9654,GrubHub,TPMXN Saguaro
9655,Alliance Data,TPMXN Nova
9656,GM Financial,TPMXN Universidad
9657,Comcast,TPMXN Alpha
9658,Chime Bank,TPMXN Cuauhtemoc
9659,Alliance Data,TPMXN Nova
9660,GM Financial,TPMXN Universidad
9661,Comcast,TPMXN Alpha
9662,Comcast,TPMXN Hacienda
9663,Western Union,TPMXN Talavera
9664,GM Financial,TPMXN Universidad
9665,Alliance Data,TPMXN Nova
9666,Western Union,TPMXN Sierra
9667,Western Union,TPMXN Talavera
9668,Comcast,TPMXN Hacienda
9669,Alliance Data,TPMXN Nova
9670,Western Union,TPMXN Talavera
9671,Western Union,TPMXN Talavera
9672,Alliance Data,TPMXN Nova
9673,Comcast,TPMXN Alpha
9674,Western Union,TPMXN Talavera
9675,GM Financial,TPMXN Universidad
9676,Chime Bank,TPMXN Cuauhtemoc
9676,Chime Bank,TPMXN Cuauhtemoc
9677,GrubHub,TPMXN Saguaro
9678,Western Union,TPMXN Sierra
9679,Comcast,TPMXN Hacienda
9680,Chime Bank,TPMXN Cuauhtemoc
9681,Western Union,TPMXN Sierra
9682,Western Union,TPMXN Sierra
9683,GrubHub,TPMXN Saguaro
9684,Western Union,TPMXN Sierra
9685,GrubHub,TPMXN Saguaro
9686,Comcast,TPMXN Alpha
9687,GrubHub,TPMXN Saguaro
9688,Comcast,TPMXN Hacienda
9689,Chime Bank,TPMXN Cuauhtemoc
9690,GrubHub,TPMXN Saguaro
9691,Chime Bank,TPMXN Cuauhtemoc
9691,Chime Bank,TPMXN Cuauhtemoc
9692,Alliance Data,TPMXN Nova
9693,Western Union,TPMXN Talavera
9694,GM Financial,TPMXN Universidad
9695,Comcast,TPMXN Hacienda
9696,Chime Bank,TPMXN Cuauhtemoc
9696,Chime Bank,TPMXN Cuauhtemoc
9697,Comcast,TPMXN Alpha
9698,Comcast,TPMXN Alpha
9699,Comcast,TPMXN Alpha
9700,Western Union,TPMXN Talavera
9701,Alliance Data,TPMXN Nova
9702,Western Union,TPMXN Sierra
9703,GM Financial,TPMXN Universidad
9704,Western Union,TPMXN Talavera
9705,GM Financial,TPMXN Universidad
9706,Western Union,TPMXN Talavera
9707,Comcast,TPMXN Alpha
9708,Western Union,TPMXN Talavera
9709,GrubHub,TPMXN Saguaro
9710,Alliance Data,TPMXN Nova
9711,Comcast,TPMXN Hacienda
9712,GM Financial,TPMXN Universidad
9713,GrubHub,TPMXN Saguaro
9714,Chime Bank,TPMXN Cuauhtemoc
9715,Western Union,TPMXN Sierra
9716,Alliance Data,TPMXN Nova
9717,Alliance Data,TPMXN Nova
9718,Western Union,TPMXN Sierra
9719,Comcast,TPMXN Hacienda
9720,Western Union,TPMXN Sierra
9721,Western Union,TPMXN Sierra
9722,GrubHub,TPMXN Saguaro
9723,Chime Bank,TPMXN Cuauhtemoc
9723,Chime Bank,TPMXN Cuauhtemoc
9724,Comcast,TPMXN Hacienda
9725,GrubHub,TPMXN Saguaro
9726,Chime Bank,TPMXN Cuauhtemoc
9727,Chime Bank,TPMXN Cuauhtemoc
9728,GrubHub,TPMXN Saguaro
9729,Comcast,TPMXN Alpha
9730,Western Union,TPMXN Talavera
9731,Alliance Data,TPMXN Nova
9732,Comcast,TPMXN Alpha
9733,Comcast,TPMXN Alpha
9734,GM Financial,TPMXN Universidad
9735,Western Union,TPMXN Talavera
9736,Western Union,TPMXN Sierra
9737,Western Union,TPMXN Talavera
9738,Comcast,TPMXN Hacienda
9739,Comcast,TPMXN Alpha
9740,Western Union,TPMXN Talavera
9741,GM Financial,TPMXN Universidad
9742,Comcast,TPMXN Hacienda
9743,GrubHub,TPMXN Saguaro
9744,Western Union,TPMXN Talavera
9745,GM Financial,TPMXN Universidad
9746,Chime Bank,TPMXN Cuauhtemoc
9747,GM Financial,TPMXN Universidad
9748,Western Union,TPMXN Sierra
9749,GM Financial,TPMXN Universidad
9750,Alliance Data,TPMXN Nova
9751,GrubHub,TPMXN Saguaro
9752,Chime Bank,TPMXN Cuauhtemoc
9753,Comcast,TPMXN Alpha
9754,Western Union,TPMXN Sierra
9755,Comcast,TPMXN Hacienda
9756,Chime Bank,TPMXN Cuauhtemoc
9757,Western Union,TPMXN Sierra
9758,Western Union,TPMXN Sierra
9759,GrubHub,TPMXN Saguaro
9760,GrubHub,TPMXN Saguaro
9761,Alliance Data,TPMXN Nova
9762,Alliance Data,TPMXN Nova
9763,Alliance Data,TPMXN Nova
9764,GrubHub,TPMXN Saguaro
9765,Western Union,TPMXN Talavera
9766,Chime Bank,TPMXN Cuauhtemoc
9766,Chime Bank,TPMXN Cuauhtemoc
9767,Chime Bank,TPMXN Cuauhtemoc
9768,Comcast,TPMXN Alpha
9769,Comcast,TPMXN Hacienda
9770,Western Union,TPMXN Talavera
9771,Alliance Data,TPMXN Nova
9772,Western Union,TPMXN Talavera
9773,Western Union,TPMXN Sierra
9774,Western Union,TPMXN Talavera
9775,Comcast,TPMXN Alpha
9776,Comcast,TPMXN Alpha
9777,Comcast,TPMXN Hacienda
9778,Comcast,TPMXN Alpha
9779,Western Union,TPMXN Talavera
9780,GM Financial,TPMXN Universidad
9781,GrubHub,TPMXN Saguaro
9782,GrubHub,TPMXN Saguaro
9783,Comcast,TPMXN Hacienda
9784,GM Financial,TPMXN Universidad
9785,Chime Bank,TPMXN Cuauhtemoc
9786,Western Union,TPMXN Sierra
9787,GM Financial,TPMXN Universidad
9788,GrubHub,TPMXN Saguaro
9789,Comcast,TPMXN Hacienda
9790,GM Financial,TPMXN Universidad
9791,Western Union,TPMXN Sierra
9792,Chime Bank,TPMXN Cuauhtemoc
9793,Western Union,TPMXN Sierra
9794,GrubHub,TPMXN Saguaro
9795,Western Union,TPMXN Sierra
9796,Alliance Data,TPMXN Nova
9797,Western Union,TPMXN Talavera
9798,GrubHub,TPMXN Saguaro
9799,Alliance Data,TPMXN Nova
9800,Chime Bank,TPMXN Cuauhtemoc
9801,Comcast,TPMXN Alpha
9802,Chime Bank,TPMXN Cuauhtemoc
9803,Western Union,TPMXN Talavera
9804,Alliance Data,TPMXN Nova
9805,Chime Bank,TPMXN Cuauhtemoc
9806,Comcast,TPMXN Alpha
9807,Western Union,TPMXN Sierra
9808,Alliance Data,TPMXN Nova
9809,Western Union,TPMXN Talavera
9810,Alliance Data,TPMXN Nova
9811,Western Union,TPMXN Talavera
9812,Western Union,TPMXN Talavera
9813,Comcast,TPMXN Alpha
9814,GM Financial,TPMXN Universidad
9815,Comcast,TPMXN Hacienda
9816,Comcast,TPMXN Alpha
9817,GrubHub,TPMXN Saguaro
9818,Comcast,TPMXN Hacienda
9819,Chime Bank,TPMXN Cuauhtemoc
9820,GrubHub,TPMXN Saguaro
9821,GM Financial,TPMXN Universidad
9822,Comcast,TPMXN Alpha
9823,Western Union,TPMXN Sierra
9824,GrubHub,TPMXN Saguaro
9825,Western Union,TPMXN Sierra
9826,GM Financial,TPMXN Universidad
9827,Comcast,TPMXN Hacienda
9828,Western Union,TPMXN Sierra
9829,Alliance Data,TPMXN Nova
9830,Western Union,TPMXN Sierra
9831,Chime Bank,TPMXN Cuauhtemoc
9832,Western Union,TPMXN Talavera
9833,Western Union,TPMXN Talavera
9834,Chime Bank,TPMXN Cuauhtemoc
9835,Comcast,TPMXN Hacienda
9836,GrubHub,TPMXN Saguaro
9837,GrubHub,TPMXN Saguaro
9838,Chime Bank,TPMXN Cuauhtemoc
9839,Chime Bank,TPMXN Cuauhtemoc
9840,Western Union,TPMXN Sierra
9841,Comcast,TPMXN Alpha
9842,Alliance Data,TPMXN Nova
9843,Comcast,TPMXN Alpha
9844,Western Union,TPMXN Talavera
9845,Alliance Data,TPMXN Nova
9846,Western Union,TPMXN Talavera
9847,Western Union,TPMXN Talavera
9848,Alliance Data,TPMXN Nova
9849,GM Financial,TPMXN Universidad
9850,GrubHub,TPMXN Saguaro
9851,GrubHub,TPMXN Saguaro
9852,Comcast,TPMXN Alpha
9853,Alliance Data,TPMXN Nova
9854,GM Financial,TPMXN Universidad
9855,Comcast,TPMXN Alpha
9856,Chime Bank,TPMXN Cuauhtemoc
9857,Western Union,TPMXN Sierra
9858,GM Financial,TPMXN Universidad
9859,GrubHub,TPMXN Saguaro
9860,Comcast,TPMXN Hacienda
9861,Western Union,TPMXN Sierra
9862,Comcast,TPMXN Alpha
9863,Western Union,TPMXN Sierra
9864,Comcast,TPMXN Hacienda
9865,Comcast,TPMXN Hacienda
9866,GrubHub,TPMXN Saguaro
9867,GM Financial,TPMXN Universidad
9868,Chime Bank,TPMXN Cuauhtemoc
9869,Western Union,TPMXN Talavera
9870,Western Union,TPMXN Talavera
9871,Alliance Data,TPMXN Nova
9872,Comcast,TPMXN Hacienda
9873,Chime Bank,TPMXN Cuauhtemoc
9874,GrubHub,TPMXN Saguaro
9875,Chime Bank,TPMXN Cuauhtemoc
9875,Chime Bank,TPMXN Cuauhtemoc
9876,Chime Bank,TPMXN Cuauhtemoc
9876,Chime Bank,TPMXN Cuauhtemoc
9877,Western Union,TPMXN Talavera
9878,Western Union,TPMXN Sierra
9879,Western Union,TPMXN Talavera
9880,Chime Bank,TPMXN Cuauhtemoc
9880,Chime Bank,TPMXN Cuauhtemoc
9881,Alliance Data,TPMXN Nova
9882,GM Financial,TPMXN Universidad
9883,Western Union,TPMXN Sierra
9884,Alliance Data,TPMXN Nova
9885,Comcast,TPMXN Alpha
9886,Comcast,TPMXN Hacienda
9887,Western Union,TPMXN Talavera
9888,Comcast,TPMXN Alpha
9889,GrubHub,TPMXN Saguaro
9890,Alliance Data,TPMXN Nova
9891,GM Financial,TPMXN Universidad
9892,GrubHub,TPMXN Saguaro
9893,GrubHub,TPMXN Saguaro
9894,GM Financial,TPMXN Universidad
9895,Alliance Data,TPMXN Nova
9896,Comcast,TPMXN Alpha
9897,GrubHub,TPMXN Saguaro
9898,Comcast,TPMXN Alpha
9899,Western Union,TPMXN Sierra
9900,Western Union,TPMXN Sierra
9901,Western Union,TPMXN Sierra
9902,GrubHub,TPMXN Saguaro
9903,Comcast,TPMXN Hacienda
9904,Chime Bank,TPMXN Cuauhtemoc
9905,Comcast,TPMXN Hacienda
9906,Comcast,TPMXN Alpha
9907,Western Union,TPMXN Talavera
9908,Chime Bank,TPMXN Cuauhtemoc
9908,Chime Bank,TPMXN Cuauhtemoc
9909,Comcast,TPMXN Hacienda
9910,Western Union,TPMXN Talavera
9911,GM Financial,TPMXN Universidad
9912,Alliance Data,TPMXN Nova
9913,Western Union,TPMXN Sierra
9914,Western Union,TPMXN Talavera
9915,Western Union,TPMXN Talavera
9916,Chime Bank,TPMXN Cuauhtemoc
9917,Chime Bank,TPMXN Cuauhtemoc
9918,Chime Bank,TPMXN Cuauhtemoc
9919,Comcast,TPMXN Hacienda
9920,Western Union,TPMXN Talavera
9921,Alliance Data,TPMXN Nova
9922,GM Financial,TPMXN Universidad
9923,GrubHub,TPMXN Saguaro
9924,Comcast,TPMXN Alpha
9925,GM Financial,TPMXN Universidad
9926,Comcast,TPMXN Alpha
9927,Western Union,TPMXN Sierra
9928,Western Union,TPMXN Sierra
9929,GrubHub,TPMXN Saguaro
9930,GM Financial,TPMXN Universidad
9931,GrubHub,TPMXN Saguaro
9932,Alliance Data,TPMXN Nova
9933,Comcast,TPMXN Alpha
9934,Alliance Data,TPMXN Nova
9935,Comcast,TPMXN Hacienda
9936,Alliance Data,TPMXN Nova
9937,GrubHub,TPMXN Saguaro
9938,Comcast,TPMXN Hacienda
9939,Western Union,TPMXN Sierra
9940,GM Financial,TPMXN Universidad
9941,Western Union,TPMXN Sierra
9942,Comcast,TPMXN Alpha
9943,Chime Bank,TPMXN Cuauhtemoc
9943,Chime Bank,TPMXN Cuauhtemoc
9944,GrubHub,TPMXN Saguaro
9945,Western Union,TPMXN Sierra
9946,Chime Bank,TPMXN Cuauhtemoc
9947,Western Union,TPMXN Talavera
9948,Western Union,TPMXN Talavera
9949,Comcast,TPMXN Alpha
9950,Comcast,TPMXN Hacienda
9951,Chime Bank,TPMXN Cuauhtemoc
9952,GM Financial,TPMXN Universidad
9953,Western Union,TPMXN Talavera
9954,Western Union,TPMXN Talavera
9955,Chime Bank,TPMXN Cuauhtemoc
9956,Chime Bank,TPMXN Cuauhtemoc
9957,Western Union,TPMXN Talavera
9958,Comcast,TPMXN Hacienda
9959,GrubHub,TPMXN Saguaro
9960,Alliance Data,TPMXN Nova
9961,GM Financial,TPMXN Universidad
9962,Comcast,TPMXN Alpha
9963,GM Financial,TPMXN Universidad
9964,Comcast,TPMXN Alpha
9965,Western Union,TPMXN Sierra
9966,Western Union,TPMXN Sierra
9967,Comcast,TPMXN Hacienda
9968,Alliance Data,TPMXN Nova
9969,GrubHub,TPMXN Saguaro
9970,GrubHub,TPMXN Saguaro
9971,Alliance Data,TPMXN Nova
9972,Comcast,TPMXN Alpha
9973,Alliance Data,TPMXN Nova
9974,GrubHub,TPMXN Saguaro
9975,Alliance Data,TPMXN Nova
9976,GrubHub,TPMXN Saguaro
9977,Western Union,TPMXN Sierra
9978,Comcast,TPMXN Hacienda
9979,Chime Bank,TPMXN Cuauhtemoc
9980,Western Union,TPMXN Talavera
9981,GM Financial,TPMXN Universidad
9982,Western Union,TPMXN Sierra
9983,Western Union,TPMXN Talavera
9984,Western Union,TPMXN Sierra
9985,Western Union,TPMXN Talavera
9986,Comcast,TPMXN Hacienda
9987,Chime Bank,TPMXN Cuauhtemoc
9988,Western Union,TPMXN Talavera
9989,Comcast,TPMXN Alpha
9990,Comcast,TPMXN Alpha
9991,GrubHub,TPMXN Saguaro
9992,Comcast,TPMXN Alpha
9993,Chime Bank,TPMXN Cuauhtemoc
9994,Chime Bank,TPMXN Cuauhtemoc
9995,Western Union,TPMXN Talavera
9996,Comcast,TPMXN Hacienda
9997,GM Financial,TPMXN Universidad
9998,Chime Bank,TPMXN Cuauhtemoc
9999,GM Financial,TPMXN Universidad
10000,GM Financial,TPMXN Universidad
10001,Western Union,TPMXN Sierra
10002,GrubHub,TPMXN Saguaro
10003,Alliance Data,TPMXN Nova
10004,Comcast,TPMXN Hacienda
10005,Western Union,TPMXN Sierra
10006,GrubHub,TPMXN Saguaro
10007,Alliance Data,TPMXN Nova
10008,Comcast,TPMXN Alpha
10009,GrubHub,TPMXN Saguaro
10010,Comcast,TPMXN Alpha
10011,Comcast,TPMXN Hacienda
10012,Alliance Data,TPMXN Nova
10013,Alliance Data,TPMXN Nova
10014,GrubHub,TPMXN Saguaro
10015,Western Union,TPMXN Sierra
10016,GM Financial,TPMXN Universidad
10017,Western Union,TPMXN Sierra
10018,Western Union,TPMXN Talavera
10019,Alliance Data,TPMXN Nova
10020,Chime Bank,TPMXN Cuauhtemoc
10021,Western Union,TPMXN Talavera
10022,Western Union,TPMXN Talavera
10023,Western Union,TPMXN Talavera
10024,GrubHub,TPMXN Saguaro
10025,Chime Bank,TPMXN Cuauhtemoc
10026,Western Union,TPMXN Sierra
10027,Chime Bank,TPMXN Cuauhtemoc
10028,Comcast,TPMXN Hacienda
10029,Chime Bank,TPMXN Cuauhtemoc
10030,Comcast,TPMXN Hacienda
10031,Western Union,TPMXN Sierra
10032,Chime Bank,TPMXN Cuauhtemoc
10033,Comcast,TPMXN Alpha
10034,GrubHub,TPMXN Saguaro
10035,Western Union,TPMXN Sierra
10036,GrubHub,TPMXN Saguaro
10037,Comcast,TPMXN Alpha
10038,Western Union,TPMXN Talavera
10039,Comcast,TPMXN Alpha
10040,GM Financial,TPMXN Universidad
10041,GM Financial,TPMXN Universidad
10042,Comcast,TPMXN Hacienda
10043,Comcast,TPMXN Alpha
10044,Comcast,TPMXN Alpha
10045,GrubHub,TPMXN Saguaro
10046,Comcast,TPMXN Hacienda
10047,Alliance Data,TPMXN Nova
10048,Alliance Data,TPMXN Nova
10049,Alliance Data,TPMXN Nova
10050,Alliance Data,TPMXN Nova
10051,Comcast,TPMXN Hacienda
10052,GrubHub,TPMXN Saguaro
10053,Western Union,TPMXN Sierra
10054,GM Financial,TPMXN Universidad
10055,Chime Bank,TPMXN Cuauhtemoc
10056,Alliance Data,TPMXN Nova
10057,Western Union,TPMXN Sierra
10058,Western Union,TPMXN Talavera
10059,Western Union,TPMXN Talavera
10060,Western Union,TPMXN Talavera
10061,Western Union,TPMXN Talavera
10062,Chime Bank,TPMXN Cuauhtemoc
10062,Chime Bank,TPMXN Cuauhtemoc
10063,GM Financial,TPMXN Universidad
10064,GM Financial,TPMXN Universidad
10065,Western Union,TPMXN Sierra
10066,Chime Bank,TPMXN Cuauhtemoc
10067,Chime Bank,TPMXN Cuauhtemoc
10067,Chime Bank,TPMXN Cuauhtemoc
10068,GrubHub,TPMXN Saguaro
10069,Chime Bank,TPMXN Cuauhtemoc
10069,Chime Bank,TPMXN Cuauhtemoc
10070,Western Union,TPMXN Sierra
10071,GrubHub,TPMXN Saguaro
10072,GrubHub,TPMXN Saguaro
10073,Western Union,TPMXN Sierra
10074,Comcast,TPMXN Alpha
10075,GM Financial,TPMXN Universidad
10076,GrubHub,TPMXN Saguaro
10077,Western Union,TPMXN Talavera
10078,Comcast,TPMXN Alpha
10079,GM Financial,TPMXN Universidad
10080,Comcast,TPMXN Alpha
10081,Western Union,TPMXN Sierra
10082,Comcast,TPMXN Alpha
10083,Comcast,TPMXN Hacienda
10084,Alliance Data,TPMXN Nova
10085,Comcast,TPMXN Alpha
10086,Western Union,TPMXN Talavera
10087,Western Union,TPMXN Sierra
10088,Chime Bank,TPMXN Cuauhtemoc
10089,Comcast,TPMXN Hacienda
10090,Western Union,TPMXN Talavera
10091,Alliance Data,TPMXN Nova
10092,Western Union,TPMXN Talavera
10093,Comcast,TPMXN Hacienda
10094,Chime Bank,TPMXN Cuauhtemoc
10095,Western Union,TPMXN Sierra
10096,Chime Bank,TPMXN Cuauhtemoc
10096,Chime Bank,TPMXN Cuauhtemoc
10097,Western Union,TPMXN Talavera
10098,GrubHub,TPMXN Saguaro
10099,GrubHub,TPMXN Saguaro
10100,Chime Bank,TPMXN Cuauhtemoc
10101,GM Financial,TPMXN Universidad
10102,Chime Bank,TPMXN Cuauhtemoc
10103,Western Union,TPMXN Sierra
10104,GM Financial,TPMXN Universidad
10105,Alliance Data,TPMXN Nova
10106,Western Union,TPMXN Sierra
10107,GrubHub,TPMXN Saguaro
10108,GrubHub,TPMXN Saguaro
10109,Alliance Data,TPMXN Nova
10110,Alliance Data,TPMXN Nova
10111,GrubHub,TPMXN Saguaro
10112,Comcast,TPMXN Hacienda
10113,Comcast,TPMXN Alpha
10114,Comcast,TPMXN Hacienda
10115,Western Union,TPMXN Talavera
10116,Western Union,TPMXN Sierra
10117,Western Union,TPMXN Talavera
10118,GM Financial,TPMXN Universidad
10119,Comcast,TPMXN Alpha
10120,Western Union,TPMXN Sierra
10121,Comcast,TPMXN Alpha
10122,GM Financial,TPMXN Universidad
10123,Comcast,TPMXN Alpha
10124,Chime Bank,TPMXN Cuauhtemoc
10124,Chime Bank,TPMXN Cuauhtemoc
10125,Alliance Data,TPMXN Nova
10126,Western Union,TPMXN Talavera
10127,Western Union,TPMXN Talavera
10128,Comcast,TPMXN Alpha
10129,Western Union,TPMXN Sierra
10130,GM Financial,TPMXN Universidad
10131,Alliance Data,TPMXN Nova
10132,Comcast,TPMXN Hacienda
10133,Comcast,TPMXN Hacienda
10134,Chime Bank,TPMXN Cuauhtemoc
